model,accuracy,log_loss
Logistic Regression,0.5768945022288261,0.8825962841542229
Random Forest,0.5710747894997523,0.8971881726157597
