model,accuracy,log_loss
Random Forest,0.5710747894997523,0.8971881726157597
Logistic Regression,0.5528727092620109,0.9086569613747448
